rank,Youtuber,subscribers,views,video count,category,started
1,T-Series,"22,20,00,000","1,98,45,90,90,822","17,317",Music,2006
2,YouTube Movies,"15,40,00,000",0,0,Film & Animation,2015
3,Cocomelon ,"14,00,00,000","1,35,48,13,39,848",786,Education,2006
4,SET India,"13,90,00,000","1,25,76,42,52,686","91,271",Shows,2006
5,Music,"11,60,00,000",0,0,,2013
6,PewDiePie,"11,10,00,000","28,46,94,58,228","4,497",Gaming,2010
7,MrBeast,"10,20,00,000","16,83,24,56,681",726,Entertainment,2012
8,✿ Kids Diana Show,"9,97,00,000","79,60,22,88,245","1,009",People & Blogs,2015
9,Like Nastya,"9,92,00,000","81,96,38,45,811",702,People & Blogs,2016
10,Gaming,"9,27,00,000",0,0,,2013
11,WWE,"9,02,00,000","70,54,47,43,313","63,077",Sports,2007
12,Zee Music Company,"8,67,00,000","49,06,77,11,243","6,603",Music,2014
13,Vlad and Niki,"8,51,00,000","66,49,87,62,660",472,Entertainment,2018
14,5-Minute Crafts,"7,71,00,000","23,88,14,57,195","5,581",Howto & Style,2016
15,BLACKPINK,"7,62,00,000","24,70,74,15,704",397,People & Blogs,2016
16,Sports,"7,51,00,000",0,0,,2013
17,Goldmines,"7,41,00,000","18,53,30,88,438","3,968",Film & Animation,2012
18,Sony SAB,"7,06,00,000","82,47,35,81,441","56,295",Shows,2007
19,BANGTANTV,"7,00,00,000","17,47,10,90,750","1,787",Music,2012
20,Justin Bieber,"6,97,00,000","28,56,72,40,999",247,Music,2007
21,HYBE LABELS,"6,78,00,000","24,01,38,49,120",971,Music,2008
22,Canal KondZilla,"6,59,00,000","36,57,67,04,790","2,313",Music,2012
23,Zee TV,"6,30,00,000","17,11,15,76,122","60,802",Entertainment,2005
24,Shemaroo Filmi Gaane,"6,13,00,000","28,57,99,45,247","7,884",Music,2010
25,Pinkfong Baby Shark - Kids' Songs & Stories,"5,94,00,000","32,10,72,90,522","2,374",Education,2011
26,Dude Perfect,"5,81,00,000","14,74,28,60,905",297,Sports,2009
27,ChuChu TV Nursery Rhymes & Kids Songs,"5,77,00,000","39,26,66,52,127",506,Education,2013
28,Movieclips,"5,76,00,000","58,83,98,19,120","39,202",Film & Animation,2006
29,Marshmello,"5,57,00,000","13,44,54,24,556",401,Entertainment,2015
30,Colors TV,"5,51,00,000","52,61,15,04,230","87,427",Shows,2008
31,Wave Music,"5,34,00,000","37,23,08,76,862","18,622",Music,2014
32,EminemMusic,"5,30,00,000","23,71,78,69,724",140,Music,2007
33,Aaj Tak,"5,29,00,000","20,20,49,39,173","1,96,497",News & Politics,2009
34,Tips Official,"5,28,00,000","27,88,30,80,973","3,612",Music,2007
35,T-Series Bhakti Sagar,"5,25,00,000","24,27,85,76,197","23,870",Music,2011
36,Sony Music India,"5,24,00,000","24,85,66,41,898","3,180",Music,2009
37,Ed Sheeran,"5,22,00,000","27,88,17,81,761",253,Music,2006
38,El Reino Infantil,"5,17,00,000","49,89,52,47,456","1,309",Music,2011
39,Ariana Grande,"5,16,00,000","22,15,80,94,076",146,Music,2007
40,LooLoo Kids - Nursery Rhymes and Children's Songs,"4,98,00,000","29,01,39,84,394",553,Music,2014
41,YRF,"4,76,00,000","29,36,67,88,406","3,289",Film & Animation,2006
42,Taylor Swift,"4,71,00,000","25,56,37,95,998",189,Music,2006
43,Billie Eilish,"4,62,00,000","11,99,93,49,578",48,Music,2013
44,JuegaGerman,"4,61,00,000","13,69,80,34,536","1,959",Gaming,2013
45,BillionSurpriseToys - English Kids Songs & Cartoon,"4,57,00,000","8,59,06,57,189",648,Education,2013
46,Infobells - Hindi,"4,56,00,000","25,63,55,91,765",476,Education,2014
47,Badabun,"4,56,00,000","18,56,79,25,780","13,814",Entertainment,2014
48,Fernanfloo,"4,51,00,000","9,96,67,28,650",541,Gaming,2011
49,Felipe Neto,"4,43,00,000","15,47,55,71,879","3,512",Entertainment,2006
50,BRIGHT SIDE,"4,39,00,000","10,05,85,36,263","4,540",Howto & Style,2017
51,whinderssonnunes,"4,39,00,000","4,12,00,78,906",521,Comedy,2013
52,Você Sabia?,"4,33,00,000","7,28,40,75,395","1,315",Entertainment,2013
53,HolaSoyGerman.,"4,33,00,000","4,73,59,59,546",136,Entertainment,2011
54,Katy Perry,"4,32,00,000","23,96,62,78,157",118,Music,2008
55,SonyMusicIndiaVEVO,"4,27,00,000","23,99,14,11,417","3,309",Music,2009
56,Bad Bunny,"4,25,00,000","23,74,88,05,401",123,Music,2014
57,Alan Walker,"4,22,00,000","11,73,12,28,995",318,Music,2012
58,Like Nastya Show,"4,15,00,000","18,74,50,15,002",599,Entertainment,2017
59,Get Movies,"4,13,00,000","28,55,93,41,412","3,963",Entertainment,2006
60,A4,"4,12,00,000","16,71,72,34,472",645,Gaming,2014
61,Speed Records,"4,08,00,000","24,55,81,72,214","10,327",Music,2012
62,ABS-CBN Entertainment,"4,06,00,000","47,54,42,42,811","1,79,522",People & Blogs,2008
63,elrubiusOMG,"4,04,00,000","7,48,31,16,325",705,Gaming,2011
64,Shemaroo,"3,97,00,000","20,48,94,29,972","9,707",Entertainment,2007
65,Rihanna,"3,96,00,000","20,09,21,28,845",79,Entertainment,2005
66,Little Baby Bum - Nursery Rhymes & Kids Songs,"3,95,00,000","37,13,60,69,429","1,989",Education,2011
67,Luisito Comunica,"3,92,00,000","7,69,12,60,396","1,119",Comedy,2012
68,Voot Kids,"3,88,00,000","17,68,54,26,640","3,282",Entertainment,2016
69,Маша и Медведь,"3,87,00,000","32,83,39,07,997","1,198",Film & Animation,2011
70,TheEllenShow,"3,83,00,000","22,33,55,50,787","14,404",Entertainment,2006
71,LUCCAS NETO - LUCCAS TOON,"3,78,00,000","20,45,46,93,770","1,875",People & Blogs,2014
72,Ishtar Music,"3,78,00,000","14,99,92,40,876","4,535",Trailers,2005
73,GR6 EXPLODE,"3,76,00,000","23,91,22,70,526","4,180",Music,2014
74,XXXTENTACION,"3,76,00,000","9,72,52,53,939",126,Music,2015
75,One Direction,"3,74,00,000","12,69,89,61,117",157,Music,2010
76,Shakira,"3,72,00,000","23,71,56,69,906",287,People & Blogs,2005
77,Kimberly Loaiza,"3,72,00,000","4,25,41,48,920",206,People & Blogs,2016
78,WorkpointOfficial,"3,70,00,000","33,77,36,58,170","62,039",Entertainment,2012
79,Daddy Yankee,"3,68,00,000","20,47,98,31,396",423,Music,2011
80,Toys and Colors,"3,65,00,000","40,93,25,80,174",821,Entertainment,2016
81,CarryMinati,"3,63,00,000","2,94,82,37,121",178,Comedy,2014
82,News,"3,62,00,000",0,0,,2013
83,Maroon 5,"3,60,00,000","20,83,86,66,788",163,Music,2006
84,shfa,"3,59,00,000","19,08,33,55,034",847,People & Blogs,2015
85,TEDx Talks,"3,59,00,000","6,66,03,97,688","1,85,006",Nonprofits & Activism,2009
86,shfa2 - شفا,"3,58,00,000","20,81,65,32,667","1,351",People & Blogs,2017
87,Jkk Entertainment,"3,57,00,000","15,13,34,42,317",194,Comedy,2017
88,Super Simple Songs - Kids Songs,"3,53,00,000","37,44,08,73,935",600,Education,2006
89,Bruno Mars,"3,53,00,000","17,39,58,25,825",97,Music,2006
90,Ozuna,"3,52,00,000","21,04,84,40,606",137,Music,2016
91,Masha and The Bear,"3,51,00,000","19,42,66,54,260",935,Shows,2014
92,one31,"3,44,00,000","26,96,91,65,355","1,28,901",Entertainment,2013
93,Goldmines Gaane Sune Ansune,"3,43,00,000","14,21,24,34,275","3,171",Music,2015
94,Like Nastya ESP,"3,36,00,000","15,93,49,57,738",630,Entertainment,2017
95,J Balvin,"3,36,00,000","21,48,95,32,517",134,Music,2011
96,Mikecrack,"3,35,00,000","13,77,56,32,479","1,727",Gaming,2015
97,VEGETTA777,"3,34,00,000","14,94,86,82,643","7,130",Gaming,2008
98,Ultra Bollywood,"3,34,00,000","15,50,82,74,562","9,078",Trailers,2009
99,Markiplier,"3,33,00,000","18,70,18,08,550","5,200",Gaming,2012
100,YouTube,"3,33,00,000","2,72,52,86,912",540,News & Politics,1970
101,ABP NEWS,"3,32,00,000","10,42,14,62,788","2,24,455",People & Blogs,2012
102,Total Gaming,"3,32,00,000","5,93,54,40,954","1,894",Gaming,2018
103,Maria Clara & JP,"3,31,00,000","20,22,45,35,670",627,People & Blogs,2015
104,Desi Music Factory,"3,30,00,000","9,48,19,87,642",125,Music,2014
105,Ryan's World,"3,29,00,000","51,72,17,34,476","2,198",Entertainment,2015
106,Geet MP3,"3,28,00,000","11,57,53,67,431",563,Music,2016
107,Sony PAL,"3,27,00,000","23,51,94,52,138","19,383",Shows,2014
108,NoCopyrightSounds,"3,27,00,000","10,43,68,81,173","1,116",Music,2011
109,SSSniperWolf,"3,25,00,000","20,58,39,22,757","3,095",Gaming,2013
110,T-Series Apna Punjab,"3,23,00,000","18,93,34,92,606","6,524",Music,2011
111,ARY Digital HD,"3,22,00,000","25,30,43,11,207","71,075",Entertainment,2016
112,KHANDESHI MOVIES,"3,21,00,000","10,67,67,27,914",191,Comedy,2013
113,IndiaTV,"3,19,00,000","13,41,70,41,251","2,37,971",News & Politics,2006
114,HAR PAL GEO,"3,19,00,000","26,00,34,63,646","61,818",Entertainment,2008
115,JustinBieberVEVO,"3,18,00,000","25,30,49,09,929",205,Music,2009
116,Ch3Thailand,"3,16,00,000","20,33,57,20,484","76,039",Entertainment,2014
117,La Granja de Zenón,"3,15,00,000","22,80,88,79,757",558,Music,2013
118,GENIAL,"3,14,00,000","6,36,24,16,164","5,453",Howto & Style,2017
119,Eros Now Music,"3,10,00,000","16,58,26,48,732","9,807",Entertainment,2007
120,Luis Fonsi,"3,09,00,000","14,48,08,46,921",121,Entertainment,2014
121,Selena Gomez,"3,09,00,000","11,58,31,01,067",182,Film & Animation,2008
122,Galinha Pintadinha,"3,08,00,000","22,85,87,82,418",62,Film & Animation,2006
123,SMTOWN,"3,08,00,000","25,20,30,04,950","3,951",Music,2006
124,Mr Bean,"3,07,00,000","9,93,66,30,200","2,661",Shows,2006
125,Bollywood Classics,"3,06,00,000","19,24,44,30,138","2,008",Music,2012
126,CVS 3D Rhymes & Kids Songs,"3,05,00,000","18,63,66,99,832",338,Education,2008
127,Ricis Official,"3,05,00,000","5,13,44,50,983","2,003",People & Blogs,2016
128,Trap Nation,"3,04,00,000","13,34,86,94,779","2,472",Music,2012
129,Rajshri,"3,03,00,000","13,28,75,06,122","3,739",Music,2006
130,DisneyMusicVEVO,"3,01,00,000","24,69,33,46,235","1,771",Music,2010
131,Dream,"3,00,00,000","2,67,30,17,855",110,Gaming,2014
132,The Tonight Show Starring Jimmy Fallon,"2,99,00,000","16,00,62,40,303","7,897",Comedy,2006
133,AH,"2,99,00,000","4,08,24,64,979","1,809",Entertainment,2014
134,Saregama Music,"2,97,00,000","12,14,78,94,890","5,718",Entertainment,2013
135,Spinnin' Records,"2,96,00,000","20,07,53,86,002","10,826",Music,2007
136,rezendeevil,"2,96,00,000","12,59,93,47,383","11,571",Gaming,2012
137,Shawn Mendes,"2,95,00,000","11,74,24,31,673",132,Music,2011
138,Popular on YouTube,"2,94,00,000",0,0,,2013
139,Boram Tube Vlog [보람튜브 브이로그],"2,94,00,000","13,10,91,87,449",223,Entertainment,2012
140,BabyBus - Kids Songs and Cartoons,"2,92,00,000","23,79,06,06,514","1,825",Education,2016
141,AuronPlay,"2,92,00,000","3,93,59,38,048",404,Comedy,2006
142,The Weeknd,"2,91,00,000","19,28,08,16,380",123,Music,2011
143,Maluma,"2,87,00,000","19,63,85,29,002",20,Music,2018
144,Adele,"2,87,00,000","12,65,03,00,730",14,Music,2008
145,jacksepticeye,"2,86,00,000","15,48,56,08,801","4,988",Gaming,2007
146,ImagineDragons,"2,86,00,000","14,30,72,39,074",67,Music,2009
147,Worldwide Records Bhojpuri,"2,86,00,000","14,50,14,68,946","5,927",Music,2012
148,Ultra Music,"2,86,00,000","16,20,13,84,834","4,665",Music,2006
149,Jingle Toons,"2,86,00,000","9,72,80,73,444",228,Film & Animation,2013
150,ashish chanchlani vines,"2,86,00,000","4,05,45,89,048",147,Comedy,2009
151,PowerKids TV,"2,84,00,000","14,32,28,75,759","2,509",Film & Animation,2014
152,MrBeast Gaming,"2,84,00,000","4,94,30,59,589",132,Gaming,2020
153,Peppa Pig - Official Channel,"2,82,00,000","21,00,83,28,965","2,020",Film & Animation,2013
154,قناة طيور الجنة | toyoraljanahtv,"2,81,00,000","25,74,33,23,512","3,131",Entertainment,2008
155,DONA 도나,"2,81,00,000","18,42,11,72,559",160,Entertainment,2018
156,Techno Gamerz,"2,81,00,000","7,19,31,72,591",839,Gaming,2017
157,Wow Kidz,"2,80,00,000","14,96,74,41,549","3,718",Film & Animation,2015
158,Talking Tom,"2,80,00,000","13,90,84,82,957",447,Comedy,2010
159,The Late Late Show with James Corden,"2,79,00,000","9,99,62,99,350","5,422",Entertainment,2006
160,Little Angel: Nursery Rhymes & Kids Songs,"2,77,00,000","20,21,71,78,677","1,146",Education,2015
161,GMANetwork,"2,76,00,000","26,29,07,31,375","1,14,067",Entertainment,2006
162,KAROL G,"2,74,00,000","14,04,04,59,862",121,Music,2013
163,TheDonato,"2,72,00,000","5,09,41,42,687","2,491",Entertainment,2015
164,Vlad và Nikita,"2,71,00,000","17,11,73,16,552",405,,2018
165,Round2hell,"2,71,00,000","2,86,24,22,681",67,Comedy,2016
166,infobells - Tamil,"2,69,00,000","16,49,27,04,526",460,Education,2014
167,Drake,"2,68,00,000","12,94,79,66,180",53,Music,2009
168,MR. INDIAN HACKER,"2,68,00,000","4,59,28,41,527",812,Science & Technology,2012
169,Zee News,"2,67,00,000","12,17,58,51,183","1,44,314",News & Politics,2007
170,ToypuddingTV,"2,66,00,000","15,57,09,02,183","2,579",Entertainment,2014
171,Genevieve's Playhouse - Learning Videos for Kids,"2,65,00,000","18,57,94,74,197",578,Education,2016
172,Bounce Patrol - Kids Songs,"2,64,00,000","18,89,10,28,184",205,Music,2013
173,Wiz Khalifa,"2,64,00,000","12,52,89,40,373",598,Music,2008
174,infobells - Telugu,"2,63,00,000","13,42,69,11,345",421,Education,2014
175,enchufetv,"2,63,00,000","10,02,21,94,205",994,Comedy,2011
176,AboFlah,"2,63,00,000","3,58,92,76,436",553,Gaming,2016
177,DanTDM,"2,62,00,000","18,80,96,15,646","3,603",Gaming,2012
178,Aditya Music,"2,61,00,000","22,66,18,22,099","19,992",Music,2008
179,Lucas and Marcus,"2,61,00,000","7,94,27,66,503",968,Entertainment,2011
180,WORLDSTARHIPHOP,"2,59,00,000","19,42,63,57,466","6,259",Music,2008
181,व्लाद और निकिता,"2,59,00,000","15,75,06,23,413",427,,2018
182,Michael Jackson,"2,58,00,000","12,58,82,88,710",7,Music,2005
183,TaylorSwiftVEVO,"2,58,00,000","23,27,65,97,783",239,Music,2009
184,toycantando,"2,58,00,000","13,94,82,16,340",496,Music,2009
185,VanossGaming,"2,57,00,000","14,90,75,79,962","1,581",Gaming,2011
186,LosPolinesios,"2,56,00,000","7,08,64,13,849",725,People & Blogs,2012
187,1MILLION Dance Studio,"2,55,00,000","7,40,94,42,051","4,251",Entertainment,2015
188,BB Ki Vines,"2,55,00,000","4,37,17,51,617",185,Entertainment,2015
189,Renato Garcia,"2,54,00,000","6,90,13,20,769","3,648",Entertainment,2011
190,JYP Entertainment,"2,52,00,000","17,15,29,81,455","1,502",Music,2008
191,RihannaVEVO,"2,52,00,000","18,08,96,77,017",106,Music,2009
192,Nick Jr.,"2,51,00,000","20,69,16,84,541","4,712",Film & Animation,2012
193,Smosh,"2,50,00,000","10,18,40,35,967","1,366",Comedy,2005
194,EminemVEVO,"2,49,00,000","18,78,67,48,261",98,Music,2009
195,Marília Mendonça,"2,49,00,000","16,47,73,33,283",114,Music,2013
196,Beyoncé,"2,49,00,000","15,71,73,79,166",234,Music,2005
197,Yuya,"2,49,00,000","2,58,34,10,213",672,Howto & Style,2009
198,KatyPerryVEVO,"2,48,00,000","22,67,94,85,513",171,Music,2009
199,Jess No Limit,"2,47,00,000","3,06,01,87,306","1,914",Entertainment,2017
200,WatchMojo.com,"2,46,00,000","15,65,05,28,115","22,492",Music,2007
201,Las Ratitas,"2,46,00,000","9,21,74,27,023",217,People & Blogs,2015
202,Nicki Minaj,"2,45,00,000","9,38,64,90,086",31,Music,2013
203,Super JoJo - Nursery Rhymes & Kids Songs,"2,44,00,000","83,17,18,833",61,,2019
204,Goldmines Dishoom,"2,44,00,000","7,14,36,95,444","2,844",Film & Animation,2016
205,David Guetta,"2,43,00,000","15,95,99,28,823",633,Music,2009
206,Masha y el Oso,"2,43,00,000","11,00,62,09,206",840,Film & Animation,2016
207,Aditya Movies,"2,43,00,000","7,90,81,71,009","4,274",Movies,2012
208,Netflix,"2,43,00,000","5,67,88,34,326","5,650",Entertainment,2012
209,ZHC,"2,43,00,000","2,22,49,16,696",298,Film & Animation,2013
210,Post Malone,"2,42,00,000","12,49,23,13,399",51,Music,2011
211,1theK (원더케이),"2,42,00,000","22,60,52,83,252","16,928",Music,2011
212,Amit Bhadana,"2,41,00,000","2,24,26,31,303",93,Entertainment,2012
213,Rans Entertainment,"2,40,00,000","5,68,82,77,632","3,060",People & Blogs,2015
214,Chloe Ting,"2,40,00,000","2,73,58,28,023",367,Howto & Style,2011
215,Sandeep Maheshwari,"2,40,00,000","1,82,11,64,544",513,People & Blogs,2012
216,Raffy Tulfo in Action,"2,39,00,000","12,79,71,89,774","8,755",News & Politics,2016
217,KSI,"2,39,00,000","5,89,81,02,699","1,242",Entertainment,2009
218,Collins Key,"2,39,00,000","6,36,83,98,946",251,Entertainment,2011
219,James Charles,"2,39,00,000","3,68,76,00,020",406,Entertainment,2015
220,Ninja,"2,39,00,000","2,44,70,87,199","1,418",Gaming,2011
221,Coldplay,"2,35,00,000","15,07,81,70,011",347,Music,2010
222,Logan Paul,"2,35,00,000","5,88,91,89,870",712,Entertainment,2015
223,DJ Snake,"2,34,00,000","7,64,57,34,689",209,Music,2008
224,Chris Brown,"2,34,00,000","13,63,09,44,140",21,Music,2006
225,Happy Lives,"2,34,00,000","10,08,97,84,164",596,Science & Technology,2016
226,TRANS7 OFFICIAL,"2,33,00,000","12,45,46,76,964","78,951",Entertainment,2014
227,Troom Troom,"2,32,00,000","9,79,75,81,328","1,992",Howto & Style,2015
228,ABPLIVE,"2,32,00,000","6,80,55,51,423","1,46,479",People & Blogs,2017
229,Mister Max,"2,31,00,000","14,76,24,69,807","1,046",People & Blogs,2014
230,NickyJamTV,"2,31,00,000","15,05,07,18,616",328,Music,2012
231,Shemaroo Movies,"2,30,00,000","5,59,05,54,837","2,155",Entertainment,2011
232,Sesame Street,"2,29,00,000","21,07,81,77,585","3,425",Entertainment,2006
233,Enrique Iglesias,"2,29,00,000","16,53,90,33,540",405,Music,2007
234,netd müzik,"2,28,00,000","50,65,89,27,334","20,482",Music,2014
235,Jelly,"2,28,00,000","14,23,99,94,409","5,667",Gaming,2014
236,Erlania e Valentina Pontes,"2,27,00,000","7,55,66,15,404","1,117",Film & Animation,2014
237,DrossRotzank,"2,25,00,000","5,74,30,37,460","1,508",Entertainment,2006
238,Anuel AA,"2,24,00,000","11,62,76,13,226",92,Music,2016
239,Goldmines Bollywood,"2,24,00,000","7,12,21,22,133","2,409",Film & Animation,2015
240,Miss Katy,"2,23,00,000","13,42,43,54,473",990,People & Blogs,2014
241,The Chainsmokers,"2,23,00,000","13,33,78,15,978",237,Music,2012
242,Crazy XYZ,"2,23,00,000","5,86,91,32,761","1,085",Entertainment,2017
243,Frost Diamond,"2,23,00,000","5,35,75,78,673","2,191",Gaming,2014
244,Mark Rober,"2,23,00,000","2,93,58,11,566",107,Science & Technology,2011
245,The Lallantop,"2,22,00,000","8,15,53,35,430","39,370",News & Politics,2015
246,Technical Guruji,"2,22,00,000","3,06,52,04,553","4,609",Science & Technology,2015
247,GMM GRAMMY OFFICIAL,"2,21,00,000","24,12,85,28,075","13,755",Music,2010
248,HUM TV,"2,21,00,000","16,65,61,48,835","59,428",Entertainment,2011
249,Like Nastya AE,"2,21,00,000","11,17,92,66,145",576,Entertainment,2018
250,WB Kids,"2,21,00,000","9,34,07,94,746","1,722",People & Blogs,2015
251,Venus Movies,"2,21,00,000","6,29,37,90,011","2,456",Entertainment,2010
252,OneDirectionVEVO,"2,20,00,000","11,55,04,10,746",266,Music,2010
253,Smile Family,"2,20,00,000","8,26,14,68,075",413,People & Blogs,2018
254,mmoshaya,"2,19,00,000","16,35,64,22,375","1,139",People & Blogs,2010
255,Lady Gaga,"2,19,00,000","13,83,52,67,771",172,People & Blogs,2008
256,White Hill Music,"2,17,00,000","9,71,94,87,276","5,094",Entertainment,2014
257,Paulo Londra,"2,17,00,000","7,06,14,42,001",52,Music,2016
258,America's Got Talent,"2,17,00,000","4,01,69,33,296","2,751",Entertainment,2006
259,TED,"2,17,00,000","2,37,03,80,465","4,005",People & Blogs,2006
260,Sia,"2,16,00,000","12,15,02,26,022",144,Music,2007
261,Diana and Roma ARA,"2,16,00,000","9,79,00,33,957",503,,2019
262,Wave Music Bhojpuri,"2,15,00,000","12,14,83,85,591","21,294",Music,2014
263,Peppa Pig Español Latino - Canal Oficial,"2,15,00,000","6,96,10,98,158",949,Film & Animation,2014
264,FaZe Rug,"2,15,00,000","6,00,99,51,177","1,997",Gaming,2012
265,Goldmines Movies,"2,14,00,000","4,57,52,05,400","4,025",Film & Animation,2013
266,Pen Movies,"2,12,00,000","5,58,86,48,749","1,569",Film & Animation,2014
267,nigahiga,"2,12,00,000","4,35,74,16,327",403,Entertainment,2006
268,BabyBus - Canciones Infantiles & Cuentos,"2,11,00,000","11,92,24,57,689",973,Education,2018
269,Enaldinho,"2,11,00,000","7,38,28,59,153","2,908",Comedy,2012
270,SSundee,"2,10,00,000","12,02,27,08,572","3,067",Gaming,2009
271,Tasty,"2,10,00,000","5,50,84,45,771","4,310",Howto & Style,2016
272,FGTeeV,"2,09,00,000","22,56,70,64,225","1,594",Gaming,2013
273,Dua Lipa,"2,09,00,000","9,92,80,11,592",164,Music,2011
274,5-Minute Crafts DIY,"2,09,00,000","4,93,45,52,904","3,961",Howto & Style,2018
275,Juan De Dios Pantoja,"2,09,00,000","1,60,11,42,353",175,Entertainment,2014
276,Indosiar,"2,08,00,000","10,12,60,82,404","58,623",Music,2013
277,Like Nastya PRT,"2,08,00,000","10,44,17,89,042",529,Entertainment,2019
278,Preston,"2,08,00,000","6,95,58,97,177","3,861",Gaming,2012
279,Baim Paula,"2,08,00,000","4,25,46,48,656","1,957",People & Blogs,2016
280,Charlie Puth,"2,07,00,000","8,60,92,02,215",132,Music,2009
281,Canal Canalha,"2,07,00,000","1,83,42,93,432",291,Comedy,2011
282,MrBeast en Español,"2,07,00,000","2,29,01,12,686",72,Entertainment,2021
283,Goldmines Cineplex,"2,06,00,000","1,79,60,17,693","2,474",Film & Animation,2015
284,Brent Rivera,"2,05,00,000","4,65,58,19,045",484,Comedy,2009
285,Kids TV - Nursery Rhymes And Baby Songs,"2,04,00,000","11,74,74,46,967","3,367",Shows,2013
286,Disney Latinoamérica,"2,04,00,000","19,29,60,50,086","7,811",Entertainment,2007
287,Becky G,"2,04,00,000","9,55,28,00,638",73,Music,2011
288,Family GamesTV,"2,04,00,000","7,06,16,90,830",277,Entertainment,2016
289,Jake Paul,"2,04,00,000","7,21,91,40,294",934,People & Blogs,2013
290,National Geographic,"2,04,00,000","5,19,95,19,260","9,854",Science & Technology,2006
291,Tekashi 6ix9ine,"2,04,00,000","5,32,51,95,339",25,People & Blogs,2018
292,BuzzFeedVideo,"2,03,00,000","17,75,57,14,250","7,347",People & Blogs,2011
293,Brave Wilderness,"2,03,00,000","4,60,64,59,332",718,Pets & Animals,2014
294,D Billions,"2,02,00,000","21,87,24,99,520",429,,2019
295,Avicii,"2,02,00,000","9,49,99,13,181",149,Music,2009
296,REACT,"2,01,00,000","12,94,07,02,514","3,885",Entertainment,2007
297,LazarBeam,"2,01,00,000","8,38,99,82,773","1,258",Gaming,2015
298,StarPlus,"2,01,00,000","12,11,65,51,500","12,702",Entertainment,2006
299,AuthenticGames,"2,01,00,000","8,85,26,35,760","4,638",Gaming,2011
300,Vevo,"2,00,00,000","54,69,05,035","1,519",Music,2006
301,Skrillex,"2,00,00,000","6,30,75,39,008",180,Music,2010
302,Rotana,"2,00,00,000","16,48,09,38,259","8,109",Music,2012
303,Ultra Movie Parlour,"2,00,00,000","4,93,09,20,530","1,302",Movies,2011
304,SlivkiShow,"2,00,00,000","4,34,52,34,891",426,Entertainment,2012
305,HaerteTest,"2,00,00,000","3,02,73,61,293","1,160",Science & Technology,2011
306,5-Minute Crafts PLAY,"1,99,00,000","5,61,68,81,420","4,440",Howto & Style,2017
307,Alan Becker,"1,99,00,000","4,32,12,86,202",116,Film & Animation,2006
308,JennaMarbles,"1,99,00,000","1,76,17,74,908",250,Comedy,2010
309,Mnet K-POP,"1,98,00,000","15,39,41,34,862","29,028",Entertainment,2006
310,Lyrical Lemonade,"1,98,00,000","9,56,30,10,656",408,Entertainment,2013
311,Pencilmation,"1,98,00,000","10,84,92,11,839","1,153",Film & Animation,2007
312,Tlnovelas,"1,97,00,000","12,77,64,98,114","29,574",News & Politics,2013
313,Pentatonix,"1,97,00,000","5,69,43,27,707",235,Music,2011
314,Totoy kids - Português,"1,97,00,000","3,82,64,74,945",174,Film & Animation,2014
315,LankyBox,"1,96,00,000","25,78,75,17,689","5,545",Comedy,2016
316,toyorbabytv,"1,96,00,000","13,97,88,92,435","1,057",Music,2012
317,Vlad and Niki Arabic,"1,96,00,000","9,14,75,35,900",417,,2018
318,shane,"1,96,00,000","4,26,91,73,489",566,People & Blogs,2005
319,Marvel Entertainment,"1,95,00,000","5,09,83,61,752","7,989",Entertainment,2005
320,Noor Stars,"1,95,00,000","2,54,58,86,796",627,Comedy,2014
321,GMA Public Affairs,"1,94,00,000","11,96,89,87,179","37,390",Entertainment,2009
322,Romeo Santos,"1,94,00,000","14,81,95,98,563",28,Music,2005
323,Got Talent Global,"1,94,00,000","7,38,37,75,138","2,454",Entertainment,2013
324,Dr. Vivek Bindra: Motivational Speaker,"1,94,00,000","1,47,86,60,028",683,Education,2013
325,Linkin Park,"1,93,00,000","11,78,39,75,855",592,Music,2006
326,Gordon Ramsay,"1,93,00,000","3,63,17,48,240","1,287",Entertainment,2006
327,Troom Troom Es,"1,92,00,000","7,13,94,76,227","2,591",People & Blogs,2016
328,Gusttavo Lima Oficial,"1,92,00,000","11,81,50,01,366",335,Music,2010
329,Kinder Spielzeug Kanal,"1,92,00,000","9,41,35,08,600",699,Entertainment,2015
330,Infinite,"1,92,00,000","4,38,35,33,818","1,517",Entertainment,2014
331,Deddy Corbuzier,"1,92,00,000","4,07,53,68,246","1,132",Entertainment,2009
332,Minecraft - Topic,"1,91,00,000",0,0,,2013
333,Robin Hood Gamer,"1,91,00,000","9,32,82,09,625","3,750",Entertainment,2014
334,★ Kids Roma Show,"1,91,00,000","6,41,08,53,410",589,People & Blogs,2015
335,Fatos Desconhecidos,"1,91,00,000","3,25,28,68,093","5,240",Entertainment,2013
336,JukiLop,"1,91,00,000","1,54,04,03,509",85,People & Blogs,2017
337,Crafty Panda,"1,90,00,000","5,67,24,97,949",613,People & Blogs,2017
338,Kurzgesagt – In a Nutshell,"1,90,00,000","2,05,22,93,685",161,Education,2013
339,DLS News,"1,90,00,000","1,94,61,97,106","3,559",News & Politics,2017
340,NBA,"1,89,00,000","10,79,18,51,871","42,086",Sports,2005
341,Jimmy Kimmel Live,"1,88,00,000","12,47,25,20,905","6,073",Entertainment,2006
342,The ACE Family,"1,88,00,000","4,49,72,82,091",668,People & Blogs,2016
343,Clash of Clans,"1,88,00,000","3,62,35,86,697",553,Gaming,2013
344,Sun TV,"1,87,00,000","13,62,29,98,578","34,648",People & Blogs,2016
345,Ninja Kidz TV,"1,87,00,000","9,14,54,85,770",267,Entertainment,2017
346,Netflix India,"1,87,00,000","5,22,87,00,571","2,707",People & Blogs,2016
347,Beast Reacts,"1,87,00,000","2,52,84,80,817",215,People & Blogs,2016
348,Britain's Got Talent,"1,86,00,000","10,51,25,30,241","3,735",Entertainment,2008
349,TRT Originals Urdu,"1,86,00,000","7,37,01,03,100",740,Entertainment,2020
350,Lil Nas X,"1,86,00,000","5,65,90,51,618",37,Music,2018
351,Calvin Harris,"1,85,00,000","14,88,68,53,329",76,Music,2007
352,Green Gold TV - Official Channel,"1,85,00,000","8,98,53,15,647","1,090",Film & Animation,2011
353,TheWillyrex,"1,85,00,000","6,95,73,19,094","6,798",Comedy,2011
354,Cardi B,"1,85,00,000","7,06,96,24,864",60,People & Blogs,2016
355,invictor,"1,85,00,000","7,05,07,21,828","2,106",Gaming,2013
356,shakiraVEVO,"1,84,00,000","22,25,73,41,033",189,Music,2009
357,CKN,"1,83,00,000","18,78,63,77,776",814,Entertainment,2015
358,Official Pink Panther,"1,83,00,000","9,94,21,33,522",629,Film & Animation,2013
359,Sonotek,"1,83,00,000","7,13,32,40,982","8,169",Entertainment,2011
360,MiawAug,"1,82,00,000","5,23,63,02,709","3,287",Gaming,2014
361,KBS WORLD TV,"1,82,00,000","13,92,66,19,677","58,485",Entertainment,2007
362,Turma da Mônica,"1,82,00,000","13,08,81,59,940","1,094",Film & Animation,2012
363,CookieSwirlC,"1,82,00,000","20,93,85,93,710","3,571",Entertainment,2013
364,David Dobrik,"1,82,00,000","7,08,74,07,988",536,People & Blogs,2014
365,Unbox Therapy,"1,82,00,000","4,33,25,32,776","2,053",Science & Technology,2010
366,The Royalty Family,"1,82,00,000","4,49,00,04,408",633,People & Blogs,2017
367,A_S Gaming,"1,82,00,000","2,47,64,64,261",932,Gaming,2016
368,HiMan,"1,82,00,000","2,36,76,99,484",326,People & Blogs,2014
369,BabyBus - Cerita & Lagu Anak-anak,"1,81,00,000","10,23,22,50,581",672,Education,2019
370,Dan-Sa / Daniel Saboya,"1,81,00,000","6,16,57,02,828","2,062",Music,2007
371,Vania Mania Kids,"1,81,00,000","6,90,84,11,472",825,People & Blogs,2015
372,PDK Films,"1,81,00,000","3,91,03,30,714",108,Entertainment,2009
373,GEN HALILINTAR,"1,81,00,000","3,17,89,60,318",969,Entertainment,2015
374,ElTrollino,"1,80,00,000","5,48,61,03,239","1,517",Entertainment,2013
375,Мирошка ТВ,"1,80,00,000","4,60,37,51,673",84,Education,2018
376,TheOdd1sOut,"1,80,00,000","4,02,34,96,321",113,Comedy,2014
377,INCRÍVEL,"1,80,00,000","3,01,74,67,860","5,682",People & Blogs,2017
378,Emiway Bantai,"1,80,00,000","3,03,88,99,728",201,Music,2013
379,Vsauce,"1,80,00,000","2,41,59,27,927",391,Science & Technology,2007
380,Farruko,"1,79,00,000","8,48,00,00,414",193,Music,2009
381,Diana and Roma EN,"1,79,00,000","3,86,81,66,958",424,People & Blogs,2011
382,ArianaGrandeVevo,"1,78,00,000","19,01,12,69,725",177,Music,2010
383,Like Nastya Vlog,"1,78,00,000","7,56,19,33,732",397,People & Blogs,2016
384,Demi Lovato,"1,78,00,000","6,49,51,31,112",282,Music,2008
385,Lele Pons,"1,78,00,000","4,95,85,84,356",154,Comedy,2015
386,Lil Pump,"1,78,00,000","4,09,11,09,829",59,Music,2015
387,Naisa Alifia Yuriza (N.A.Y),"1,78,00,000","2,52,15,15,641","1,462",People & Blogs,2017
388,SCTV,"1,77,00,000","8,58,83,29,369","50,080",Entertainment,2011
389,Good Mythical Morning,"1,77,00,000","8,07,42,70,215","2,980",Entertainment,2008
390,TheGrefg,"1,77,00,000","6,07,78,20,746","3,332",Gaming,2012
391,Ali-A,"1,77,00,000","5,76,60,28,299","3,920",Gaming,2006
392,Marmok,"1,77,00,000","3,13,19,25,799",344,Gaming,2008
393,Mother Goose Club Playhouse,"1,76,00,000","15,50,03,99,390","1,282",Shows,2009
394,RsiamMusic : อาร์สยาม,"1,76,00,000","10,95,21,54,122","2,663",Music,2011
395,Little Angel Español - Canciones Infantiles,"1,76,00,000","8,52,55,69,510",580,Education,2018
396,Познаватель,"1,76,00,000","8,52,28,26,642",476,Entertainment,2014
397,JFlaMusic,"1,76,00,000","3,65,75,26,529",282,Music,2011
398,Village Cooking Channel,"1,76,00,000","4,47,74,36,881",211,Howto & Style,2018
399,FactTechz,"1,75,00,000","2,11,29,29,572",578,Entertainment,2016
400,Sebastián Yatra,"1,74,00,000","9,31,69,25,082",196,News & Politics,2013
401,officialpsy,"1,74,00,000","9,82,52,92,199",119,Music,2010
402,Vlad and Niki IDN,"1,74,00,000","8,23,15,18,268",392,,2018
403,Porta dos Fundos,"1,74,00,000","7,25,88,38,590","1,960",Entertainment,2012
404,Liza Koshy,"1,74,00,000","2,59,55,54,113",189,Comedy,2013
405,etvteluguindia,"1,73,00,000","19,46,52,95,267","1,11,360",Entertainment,2010
406,Vijay Television,"1,73,00,000","19,90,16,16,359","27,059",Entertainment,2007
407,TED-Ed,"1,73,00,000","3,28,78,34,094","1,948",Education,2011
408,Stubborn Facts,"1,73,00,000","82,77,86,482",217,Film & Animation,2016
409,PopularMMOs,"1,72,00,000","14,47,57,83,059","4,686",Gaming,2012
410,SQUEEZIE,"1,72,00,000","9,25,86,09,822","1,471",Gaming,2011
411,Masha e o Urso,"1,72,00,000","7,13,18,16,532",856,Shows,2016
412,Willyrex,"1,72,00,000","4,80,84,57,361","6,686",Gaming,2009
413,RobleisIUTU,"1,72,00,000","4,68,05,73,231","1,145",Entertainment,2013
414,EeOneGuy,"1,72,00,000","3,80,44,13,513",363,Entertainment,2013
415,LuisFonsiVEVO,"1,71,00,000","14,00,85,85,257",96,Music,2009
416,GRAMMY GOLD OFFICIAL,"1,71,00,000","17,97,40,40,182","5,334",Music,2014
417,SUPER SLICK SLIME SAM,"1,71,00,000","6,07,84,66,417",741,Howto & Style,2018
418,HowToBasic,"1,71,00,000","3,56,10,01,854",563,Howto & Style,2011
419,李子柒 Liziqi,"1,71,00,000","2,80,15,48,472",128,Howto & Style,2017
420,Gaby and Alex,"1,70,00,000","7,94,25,53,236",351,Entertainment,2012
421,شبكة العاب العرب | Arab Games Network,"1,70,00,000","7,72,32,77,433","5,515",Gaming,2013
422,Kiddiestv Hindi - Nursery Rhymes & Kids Songs,"1,70,00,000","6,22,13,83,175",192,Education,2017
423,Rafa & Luiz,"1,70,00,000","6,27,33,15,738","2,184",Entertainment,2015
424,Khan GS Research Centre,"1,70,00,000","1,67,06,39,781",347,Education,2019
425,हिंदी - Genevieve's Playhouse,"1,69,00,000","9,19,51,78,282",96,Education,2018
426,الـريماس - Al-Remas,"1,69,00,000","10,55,08,88,024","2,047",Music,2013
427,Junya.じゅんや,"1,69,00,000","9,52,92,05,653","3,150",Entertainment,2020
428,Guava Juice,"1,69,00,000","8,61,42,18,175","1,754",Gaming,2006
429,Doggy Doggy Cartoons,"1,68,00,000","6,45,92,85,262","4,723",Entertainment,2012
430,IGN,"1,68,00,000","14,63,39,22,961","1,49,770",Gaming,2006
431,Jason Derulo,"1,68,00,000","8,80,85,99,101",451,Music,2008
432,Maya and Mary,"1,68,00,000","6,30,42,51,610",539,Entertainment,2013
433,DUDU e CAROL,"1,67,00,000","6,53,09,46,230","2,874",Autos & Vehicles,2013
434,Jane ASMR 제인,"1,67,00,000","6,44,35,86,305","1,546",,2012
435,Anitta,"1,67,00,000","6,61,01,75,435",99,Music,2011
436,Werever2morro,"1,67,00,000","2,71,40,71,108",972,Entertainment,2007
437,Triggered Insaan,"1,67,00,000","2,65,74,91,028",265,Comedy,2014
438,7clouds,"1,66,00,000","11,63,79,64,945","1,940",Music,2013
439,Tu COSMOPOLIS,"1,66,00,000","4,87,59,00,353","6,796",People & Blogs,2014
440,DeToxoMoroxo,"1,66,00,000","2,21,21,49,791",488,Entertainment,2012
441,Sourav Joshi Vlogs,"1,65,00,000","5,97,08,49,535","1,039",People & Blogs,2019
442,TheBrianMaps,"1,65,00,000","4,09,02,89,417",476,Comedy,2012
443,Manual do Mundo,"1,65,00,000","3,36,75,72,384","2,117",Howto & Style,2006
444,SonyMusicSouthVEVO,"1,64,00,000","15,09,05,57,603","4,304",Music,2014
445,zbing z.,"1,64,00,000","8,30,79,04,773","2,763",Gaming,2014
446,Dhar Mann,"1,64,00,000","8,64,24,59,264",649,People & Blogs,2018
447,IDEAS EN 5 MINUTOS,"1,64,00,000","3,50,90,49,258","4,658",Howto & Style,2017
448,W2S,"1,63,00,000","4,73,96,09,055",653,Gaming,2012
449,Shemaroo Comedy,"1,63,00,000","4,92,34,11,314","3,467",Entertainment,2007
450,ExtraPolinesios,"1,63,00,000","4,69,63,67,446",480,People & Blogs,2012
451,Goldmines Great Indian Comedy,"1,63,00,000","4,23,85,95,667","2,008",Film & Animation,2016
452,Prajapati News,"1,63,00,000","90,79,65,523","1,081",Comedy,2013
453,SOMOY TV,"1,62,00,000","9,47,68,95,180","1,24,072",News & Politics,2015
454,Sony AATH,"1,62,00,000","10,71,88,91,416","14,759",Shows,2013
455,Miley Cyrus,"1,62,00,000","6,23,54,05,830",124,Entertainment,2009
456,Sandra Cires Art,"1,62,00,000","3,70,21,73,328",953,Howto & Style,2011
457,tanboy kun,"1,62,00,000","3,02,02,72,233",582,People & Blogs,2016
458,Sidhu Moose Wala,"1,62,00,000","4,07,83,30,367",111,Music,2017
459,Blippi - Educational Videos for Kids,"1,61,00,000","12,99,19,67,769",453,Education,2014
460,Queen Official,"1,61,00,000","9,72,35,39,941",908,Music,2008
461,Travis Scott,"1,61,00,000","7,18,70,33,169",13,Music,2013
462,Les' Copaque Production,"1,61,00,000","7,95,46,62,776","1,427",Film & Animation,2009
463,Zuni and Family,"1,61,00,000","5,83,06,69,187",176,People & Blogs,2017
464,Sidemen,"1,61,00,000","4,19,60,33,350",264,Entertainment,2015
465,The Game Theorists,"1,61,00,000","3,54,64,90,692",659,Gaming,2009
466,Antrax,"1,61,00,000","2,94,98,91,202",654,Gaming,2015
467,Canal IN,"1,61,00,000","2,57,30,50,059",723,People & Blogs,2017
468,Dushyant kukreja,"1,60,00,000","11,09,53,40,736",571,Entertainment,2015
469,TRANS TV Official,"1,60,00,000","8,78,09,37,851","1,23,467",Entertainment,2014
470,Little Mix,"1,60,00,000","7,04,79,68,268",278,Music,2011
471,RKD Studios,"1,60,00,000","4,13,32,34,619",622,Entertainment,2014
472,FailArmy,"1,60,00,000","2,04,16,20,563",337,Comedy,2011
473,El Reino a Jugar,"1,59,00,000","10,17,55,37,321",872,Education,2015
474,DopeLyrics,"1,59,00,000","9,80,35,33,121","1,937",Music,2016
475,Boyce Avenue,"1,59,00,000","6,23,01,90,520",438,Music,2007
476,Camila Cabello,"1,59,00,000","6,08,61,65,889",61,Music,2015
477,VICE,"1,59,00,000","4,17,49,62,442","3,694",Entertainment,2005
478,Kaykai Salaider,"1,59,00,000","4,24,87,04,474",399,Comedy,2011
479,Fede Vigevani,"1,59,00,000","4,74,54,14,554",865,Howto & Style,2009
480,Marques Brownlee,"1,59,00,000","3,08,24,86,680","1,454",Science & Technology,2008
481,jeffreestar,"1,59,00,000","2,57,51,83,135",428,Howto & Style,2006
482,Apple,"1,59,00,000","80,81,36,104",205,Science & Technology,2005
483,Kids Play,"1,58,00,000","7,71,39,81,883",545,Entertainment,2018
484,Aayu and Pihu Show,"1,58,00,000","7,83,73,11,552",352,Comedy,2017
485,JJ Olatunji,"1,58,00,000","3,63,14,94,389","1,183",Gaming,2011
486,Katie Angel,"1,58,00,000","3,00,79,47,714",732,People & Blogs,2015
487,MissaSinfonia,"1,58,00,000","1,91,87,77,559",232,Comedy,2011
488,AMARINTV : อมรินทร์ทีวี,"1,57,00,000","11,19,40,74,075","97,231",Entertainment,2014
489,Rotten Tomatoes Trailers,"1,57,00,000","12,81,19,81,848","9,582",Film & Animation,2011
490,Pitbull,"1,57,00,000","11,45,81,30,113",302,Music,2006
491,Enes Batur,"1,57,00,000","9,41,00,61,135","1,979",Gaming,2012
492,Jennifer Lopez,"1,57,00,000","9,51,20,25,119",224,Music,2005
493,Jason Vlogs,"1,57,00,000","7,13,77,78,517",666,Education,2015
494,Alejo Igoa,"1,57,00,000","5,27,61,27,016",699,Comedy,2014
495,Matt Stonie,"1,57,00,000","3,24,91,62,653",401,Entertainment,2012
496,Caeli YT,"1,57,00,000","1,50,92,44,860",545,Entertainment,2010
497,Pop Chartbusters,"1,56,00,000","7,81,79,83,360","2,154",Music,2011
498,Tilak,"1,56,00,000","6,13,25,15,137","3,614",Film & Animation,2020
499,AdMe,"1,56,00,000","4,01,27,49,893","5,356",Entertainment,2015
500,FunFun Toy Doll TV,"1,55,00,000","6,94,84,69,648",706,Entertainment,2016
501,News24,"1,55,00,000","5,98,24,43,648","1,57,377",News & Politics,2014
502,Roman Atwood Vlogs,"1,55,00,000","5,44,20,36,950","1,726",People & Blogs,2013
503,Dyland PROS,"1,55,00,000","1,29,45,19,810","1,803",Entertainment,2015
504,Gato Galactico | GALÁXIA,"1,54,00,000","5,60,28,02,498","2,085",Film & Animation,2013
505,FitDance,"1,54,00,000","6,54,18,27,030","3,537",Music,2013
506,Smile Family Spanish,"1,54,00,000","5,53,40,75,089",343,,2019
507,wifistudy,"1,54,00,000","2,80,52,32,542","46,290",Education,2014
508,Live,"1,53,00,000",0,0,,2015
509,RCTI - LAYAR DRAMA INDONESIA,"1,53,00,000","12,81,86,89,835","58,886",Entertainment,2015
510,SriBalajiMovies,"1,52,00,000","8,19,96,71,601","16,953",Entertainment,2011
511,Oyuncak Avı,"1,52,00,000","8,08,53,87,780",544,Entertainment,2014
512,AdeleVEVO,"1,52,00,000","11,47,03,55,227",51,Music,2009
513,Camilo,"1,52,00,000","6,00,36,97,328",80,Music,2010
514,Kerajinan 5-Menit,"1,52,00,000","4,46,57,27,515","3,392",People & Blogs,2018
515,Bizarrap,"1,52,00,000","4,68,34,88,651",78,Comedy,2017
516,T3ddy,"1,52,00,000","2,52,85,66,554","1,700",Comedy,2012
517,Musas,"1,52,00,000","2,35,93,75,167",611,Howto & Style,2012
518,Dan Rhodes,"1,51,00,000","10,71,51,45,365","1,315",Entertainment,2015
519,With Kids[위드키즈],"1,51,00,000","7,99,05,15,155",863,Entertainment,2012
520,And TV,"1,51,00,000","11,58,38,24,903","26,477",Entertainment,2015
521,TheRichest,"1,51,00,000","2,91,92,03,136","2,206",Education,2014
522,LOKESH GAMER,"1,51,00,000","1,53,55,89,708","1,186",Gaming,2017
523,Technoblade,"1,51,00,000","1,48,86,92,745",988,Gaming,2013
524,Ch7HD,"1,50,00,000","11,68,87,98,550","49,889",Entertainment,2010
525,POPS Kids,"1,50,00,000","8,67,84,92,072","4,478",Music,2014
526,SAM SMITH,"1,50,00,000","8,76,90,75,543",67,Music,2012
527,Like Nastya IDN,"1,50,00,000","6,48,38,45,834",430,Entertainment,2019
528,Like Nastya VNM,"1,50,00,000","8,13,24,15,475",456,Entertainment,2019
529,5-Minute Crafts FAMILY,"1,50,00,000","5,43,81,31,771","3,440",People & Blogs,2018
530,zayn,"1,50,00,000","4,55,96,92,349",14,Music,2016
531,Makiman131,"1,50,00,000","4,48,42,63,923","3,102",Gaming,2013
532,حِرف إبداعية في 5 دقائق,"1,50,00,000","4,16,05,11,912","4,404",Howto & Style,2017
533,Stokes Twins,"1,50,00,000","2,77,48,75,062",216,People & Blogs,2008
534,Ranz Kyle,"1,50,00,000","1,67,85,59,984",479,People & Blogs,2008
535,НТВ,"1,49,00,000","4,39,098",1,People & Blogs,2008
536,Henrique e Juliano,"1,49,00,000","12,48,42,53,152",285,Music,2009
537,LEGO,"1,49,00,000","18,84,06,17,532","28,683",Entertainment,2005
538,Volga Video,"1,49,00,000","9,17,15,17,368","18,735",Film & Animation,2012
539,Lahari Music | T-Series,"1,49,00,000","10,46,92,51,425","8,169",Music,2011
540,Kwebbelkop,"1,49,00,000","6,65,54,75,239","4,951",Gaming,2008
541,Talking Tom & Friends,"1,49,00,000","6,17,87,35,188",392,Entertainment,2010
542,Mariale,"1,49,00,000","2,56,84,93,946","1,918",Howto & Style,2010
543,Harsh Beniwal,"1,49,00,000","1,63,04,52,954",158,Comedy,2015
544,GMMTV OFFICIAL​​,"1,48,00,000","10,38,71,46,066","19,368",Entertainment,2010
545,BIGBANG,"1,48,00,000","7,35,32,65,213",776,Music,2005
546,La Rosa de Guadalupe,"1,48,00,000","8,34,96,95,433","5,225",Entertainment,2015
547,Dave and Ava - Nursery Rhymes and Baby Songs,"1,48,00,000","9,86,42,62,216",732,Education,2014
548,League of Legends,"1,48,00,000","6,60,43,82,784","1,340",Gaming,2009
549,Super Senya,"1,48,00,000","4,79,01,99,895",525,Entertainment,2016
550,Lachlan,"1,48,00,000","5,01,33,87,703","3,646",Gaming,2013
551,Reaction Time,"1,48,00,000","4,25,55,91,418","1,684",Entertainment,2015
552,ERB,"1,48,00,000","3,90,57,23,697",85,Entertainment,2006
553,YOLO AVENTURAS,"1,48,00,000","3,68,98,34,035",976,People & Blogs,2018
554,MrBeast Shorts,"1,48,00,000","1,93,87,96,955",87,People & Blogs,2020
555,Niana Guerrero,"1,48,00,000","1,35,90,23,136",391,Entertainment,2013
556,Zé Neto e Cristiano,"1,47,00,000","10,39,81,04,437",212,Music,2012
557,Dangal TV Channel,"1,47,00,000","8,28,25,92,676","8,625",Entertainment,2017
558,MK MUSIC,"1,47,00,000","7,77,30,89,325","4,624",Music,2010
559,NDTV India,"1,47,00,000","5,64,74,81,648","65,241",News & Politics,2008
560,les boys tv2,"1,47,00,000","4,51,89,66,874",381,Entertainment,2017
561,iTownGamePlay *Terror&Diversión*,"1,47,00,000","4,78,44,33,628","7,674",Entertainment,2012
562,Planeta das Gêmeas,"1,47,00,000","4,46,87,74,867",899,People & Blogs,2015
563,IDEIAS INCRÍVEIS,"1,47,00,000","3,49,80,40,367","4,643",Howto & Style,2017
564,Linus Tech Tips,"1,47,00,000","6,06,25,69,897","5,864",Science & Technology,2008
565,Maroon5VEVO,"1,46,00,000","18,91,73,03,323",143,Music,2009
566,Major Lazer Official,"1,46,00,000","8,88,69,13,617",407,Music,2009
567,Jorge & Mateus Oficial,"1,46,00,000","7,98,15,63,626",294,Music,2008
568,NMF News,"1,46,00,000","6,09,08,40,731","95,987",News & Politics,2013
569,BBC News Hindi,"1,46,00,000","5,54,45,47,819","16,437",News & Politics,2009
570,Lilly Singh,"1,46,00,000","3,48,02,50,258",858,Comedy,2010
571,MattyBRaps,"1,46,00,000","3,22,60,20,734",175,Music,2010
572,Daftar Populer,"1,46,00,000","1,85,95,86,741","2,898",Education,2017
573,LEGENDA FUNK,"1,46,00,000","1,31,05,44,121","2,250",Music,2013
574,SelenaGomezVEVO,"1,45,00,000","10,32,35,89,482",183,Music,2009
575,El Payaso Plim Plim,"1,45,00,000","12,57,30,29,533",992,Film & Animation,2013
576,Fueled By Ramen,"1,45,00,000","12,62,92,00,270","1,190",Music,2006
577,Thairath Online,"1,45,00,000","11,99,59,15,981","2,09,097",News & Politics,2010
578,CollegeHumor,"1,45,00,000","7,33,18,68,655","3,307",Comedy,2006
579,Bollywood Classics,"1,45,00,000","6,03,63,42,725","1,147",Entertainment,2011
580,Zhong,"1,45,00,000","9,68,53,21,623","1,081",Entertainment,2015
581,Wow Kidz Action,"1,45,00,000","6,37,84,81,319","1,445",Film & Animation,2017
582,News18 India,"1,45,00,000","5,06,98,17,134","1,20,858",News & Politics,2007
583,XpressTV,"1,45,00,000","3,64,41,37,000",630,Entertainment,2014
584,Maha Fun Tv,"1,45,00,000","2,38,51,90,008",51,Entertainment,2017
585,Mobile Legends: Bang Bang Official,"1,45,00,000","2,65,50,46,551","2,410",Gaming,2016
586,حقائق وأسرار,"1,45,00,000","2,17,59,11,149","1,312",Entertainment,2016
587,Drawblogs,"1,45,00,000","1,69,49,34,569",362,Entertainment,2014
588,Canal Nostalgia,"1,45,00,000","1,41,66,89,094",370,Entertainment,2008
589,Fifth Harmony,"1,44,00,000","7,52,69,71,366",67,Music,2013
590,Team Films Bhojpuri,"1,44,00,000","6,16,45,27,861","20,085",Music,2014
591,Chad Wild Clay,"1,44,00,000","6,16,16,05,244",630,Comedy,2006
592,Boram Tube ToysReview [보람튜브 토이리뷰],"1,44,00,000","4,91,41,28,767",568,People & Blogs,2016
593,Martin Garrix,"1,44,00,000","5,55,81,17,744",305,Music,2011
594,LIV Crime,"1,44,00,000","7,06,12,75,751","4,281",People & Blogs,2020
595,Super Polina,"1,44,00,000","4,81,21,87,551",539,People & Blogs,2014
596,Rclbeauty101,"1,44,00,000","3,91,95,24,704",478,Comedy,2010
597,TWICE,"1,44,00,000","3,73,36,83,543",852,Music,2016
598,Arif muhammad,"1,44,00,000","3,40,00,90,845",428,People & Blogs,2017
599,Cyprien,"1,44,00,000","3,00,58,99,595",205,Comedy,2007
600,The Slow Mo Guys,"1,44,00,000","2,34,65,92,288",297,Entertainment,2010
601,Дима Масленников,"1,44,00,000","2,01,32,34,398",401,Entertainment,2014
602,Genierock,"1,43,00,000","13,31,03,08,313","1,540",Music,2008
603,mujjuu___14,"1,43,00,000","9,54,85,97,909",556,People & Blogs,2020
604,PlayStation,"1,43,00,000","4,23,05,72,281","17,878",Gaming,2005
605,Gyan Gamingㅤ,"1,43,00,000","2,08,13,51,545","2,514",Gaming,2017
606,Zach King,"1,43,00,000","2,01,41,52,450",398,Entertainment,2013
607,It's Mamix,"1,43,00,000","1,54,75,21,967",200,People & Blogs,2017
608,Hear This Music,"1,42,00,000","8,51,13,85,256",38,Music,2016
609,Unspeakable,"1,42,00,000","7,36,56,42,885",668,Gaming,2016
610,SIS vs BRO,"1,42,00,000","6,76,78,38,159",357,Entertainment,2016
611,Mohamed Ramadan I محمد رمضان,"1,42,00,000","4,81,29,94,887",599,People & Blogs,2014
612,Trap City,"1,42,00,000","4,88,51,63,357","2,554",Music,2012
613,Totoy kids - Español,"1,42,00,000","4,53,30,34,236",167,Film & Animation,2017
614,Camila Loures,"1,42,00,000","4,18,90,52,804","3,429",Music,2014
615,Zach Choi ASMR,"1,42,00,000","2,51,29,37,687",638,People & Blogs,2014
616,MalumaVEVO,"1,41,00,000","17,90,50,81,262",168,Music,2011
617,ABS-CBN News,"1,41,00,000","9,43,89,04,191","1,74,684",News & Politics,2009
618,CNN,"1,41,00,000","12,08,32,77,333","1,55,569",News & Politics,2005
619,Zee Music Classic,"1,41,00,000","5,02,11,64,640",964,Music,2014
620,ช่อง8 : Thai Ch8,"1,41,00,000","5,22,11,55,648","20,582",Entertainment,2011
621,Daily Dose Of Internet,"1,41,00,000","4,26,57,11,762",396,Entertainment,2015
622,Invento na Hora,"1,41,00,000","3,85,15,07,257","1,189",Film & Animation,2014
623,#Refugio Mental,"1,41,00,000","3,41,00,01,605",688,Entertainment,2013
624,Anasala I أنس و أصالة,"1,41,00,000","3,06,86,19,934",407,Entertainment,2017
625,Мастерская Настроения,"1,40,00,000","3,63,68,09,960",891,Entertainment,2013
626,Aphmau,"1,40,00,000","13,36,47,84,369","3,996",Gaming,2012
627,O Canal do Joãozinho - Little Angel Português,"1,40,00,000","7,75,21,54,061",649,Entertainment,2018
628,Трум Трум,"1,40,00,000","6,27,20,05,457","1,987",Howto & Style,2015
629,AM3NlC,"1,40,00,000","4,81,66,38,383","5,446",Gaming,2012
630,F2Freestylers - Ultimate Soccer Skills Channel,"1,40,00,000","3,15,25,82,636",777,Sports,2011
631,A2 Motivation by {Arvind Arora},"1,39,00,000","8,01,30,16,996","2,340",Entertainment,2017
632,Taarak Mehta Ka Ooltah Chashmah,"1,39,00,000","8,04,82,10,407","2,519",Entertainment,2014
633,EdisonPts,"1,39,00,000","5,60,69,59,168","3,490",Gaming,2013
634,UFC - Ultimate Fighting Championship,"1,39,00,000","5,42,23,35,319","12,258",Sports,2006
635,Kuplinov ► Play,"1,39,00,000","5,77,80,34,318","6,400",Gaming,2012
636,CoryxKenshin,"1,39,00,000","5,81,62,95,650","1,628",Gaming,2009
637,DM - Desi Melodies,"1,39,00,000","5,05,60,80,182",45,Music,2017
638,Bie The Ska,"1,39,00,000","4,42,76,09,230","1,349",Entertainment,2006
639,Saad Lamjarred | سعد لمجرد,"1,39,00,000","3,93,12,02,248",156,Music,2012
640,Doc Tops,"1,39,00,000","2,46,94,11,668",437,Entertainment,2014
641,Mis Pastelitos,"1,39,00,000","2,38,22,68,150",534,Howto & Style,2014
642,NikkieTutorials,"1,39,00,000","1,56,27,68,226",852,Howto & Style,2008
643,FC Barcelona,"1,38,00,000","2,20,33,76,862","9,960",Sports,2006
644,Blippi Español,"1,38,00,000","7,68,54,05,847",408,People & Blogs,2017
645,Daniel LaBelle,"1,38,00,000","7,01,33,83,323",224,Comedy,2009
646,melanie martinez,"1,38,00,000","3,83,59,68,267",96,Music,2007
647,Rosanna Pansino,"1,38,00,000","4,05,70,54,946","1,007",Howto & Style,2010
648,Auron,"1,38,00,000","2,58,34,08,205",694,People & Blogs,2013
649,NOBRU,"1,37,00,000","22,51,91,097",344,Gaming,2016
650,Mazhavil Manorama,"1,37,00,000","13,82,21,77,908","70,454",Entertainment,2011
651,MNCTV OFFICIAL,"1,37,00,000","7,39,48,53,164","54,722",Entertainment,2012
652,ADEL et SAMI,"1,37,00,000","5,66,02,89,473",362,Entertainment,2018
653,NichLmao,"1,37,00,000","7,26,92,91,992",562,People & Blogs,2018
654,Hongyu ASMR 홍유,"1,37,00,000","4,28,54,57,943",515,People & Blogs,2018
655,Dang Matt Smith,"1,37,00,000","3,10,18,95,284","1,372",Entertainment,2011
656,Darkar Company Studios,"1,37,00,000","2,20,11,67,967",164,Film & Animation,2009
657,MAIKI021,"1,37,00,000","1,89,38,20,151","2,919",Entertainment,2008
658,Wengie,"1,37,00,000","1,88,22,35,841",373,Howto & Style,2010
659,GMM25Thailand,"1,36,00,000","8,72,72,07,691","53,533",Entertainment,2011
660,50 Cent,"1,36,00,000","8,64,91,39,354",417,Music,2007
661,Lyna,"1,36,00,000","5,80,11,99,256","4,452",Gaming,2014
662,TazerCraft,"1,36,00,000","5,32,54,54,303","3,977",Gaming,2011
663,CrashCourse,"1,36,00,000","1,69,96,69,363","1,436",Education,2006
664,Zig & Sharko,"1,35,00,000","8,30,60,91,825",826,Film & Animation,2015
665,5-Minute Crafts Recycle,"1,35,00,000","7,50,88,43,409","2,770",People & Blogs,2019
666,Aadishakti Films,"1,35,00,000","5,86,07,77,243","4,599",Music,2016
667,infobells,"1,35,00,000","4,97,75,66,807",463,Education,2011
668,The World Adventures हिन्दी,"1,35,00,000","2,11,60,09,610",854,People & Blogs,2016
669,PlayHard,"1,35,00,000","1,92,65,32,344","2,138",Gaming,2014
670,Neha Kakkar,"1,35,00,000","1,79,27,57,553",122,Music,2012
671,ZEE5,"1,34,00,000","15,77,85,44,226","69,731",Entertainment,2018
672,Jake Fellman,"1,34,00,000","10,04,71,23,955",352,Entertainment,2012
673,ABC News,"1,34,00,000","11,58,97,84,991","71,206",News & Politics,2006
674,Gallina Pintadita,"1,34,00,000","9,05,47,27,117",59,Music,2011
675,Telemundo,"1,34,00,000","7,85,53,26,888","18,325",Entertainment,2007
676,Wesley Safadão,"1,34,00,000","7,30,13,07,830",371,Music,2009
677,AzzyLand,"1,34,00,000","6,04,54,22,126","1,620",Gaming,2015
678,FAPTV,"1,34,00,000","4,97,58,21,188",595,Comedy,2014
679,TV Ana Emilia,"1,34,00,000","4,34,48,84,807",493,People & Blogs,2014
680,Harry Styles,"1,34,00,000","4,42,72,08,053",13,People & Blogs,2017
681,Lindsey Stirling,"1,34,00,000","3,53,36,80,308",172,Music,2007
682,Kurt Hugo Schneider,"1,34,00,000","3,65,96,13,327",681,Entertainment,2007
683,Narins Beauty,"1,34,00,000","2,04,63,44,368",406,Howto & Style,2014
684,Kim Loaiza,"1,34,00,000","1,09,22,48,349",12,Music,2019
685,YOLO,"1,34,00,000","63,83,26,662",117,Comedy,2015
686,jbalvinVEVO,"1,33,00,000","19,69,13,12,985",235,Music,2010
687,Atlantic Records,"1,33,00,000","11,69,58,28,552","1,421",Music,2006
688,Wish 107.5,"1,33,00,000","5,25,92,45,361","1,552",Music,2014
689,H2ODelirious,"1,33,00,000","4,22,95,71,870","3,027",Gaming,2007
690,Vlad and Niki ARA,"1,32,00,000","6,28,21,00,713",404,,2019
691,MyMissAnand,"1,32,00,000","4,52,27,74,674",275,People & Blogs,2014
692,PrestonPlayz,"1,32,00,000","4,65,50,09,420",694,Gaming,2018
693,123 GO! Spanish,"1,32,00,000","4,63,91,73,668",340,People & Blogs,2019
694,Anaysa,"1,32,00,000","3,17,35,75,287",490,Howto & Style,2012
695,JD Pantoja,"1,32,00,000","1,38,08,96,972",16,People & Blogs,2017
696,ETV Jabardasth,"1,31,00,000","12,10,20,23,764","7,805",People & Blogs,2015
697,theRadBrad,"1,31,00,000","5,79,11,29,136","7,672",Gaming,2006
698,SRK MUSIC,"1,31,00,000","5,68,06,52,976","4,895",Music,2012
699,The LaBrant Fam,"1,31,00,000","4,60,62,44,054",586,Comedy,2012
700,Vlad and Niki ESP,"1,31,00,000","4,84,64,10,942",409,,2018
701,MSA previously My Story Animated,"1,31,00,000","5,14,95,12,811",838,Film & Animation,2019
702,The Q,"1,31,00,000","4,06,44,73,466",276,People & Blogs,2017
703,Desi Gamers,"1,31,00,000","1,93,87,24,616","1,223",Gaming,2015
704,Matheus Yurley,"1,31,00,000","74,10,66,278",238,Entertainment,2015
705,Calon Sarjana,"1,30,00,000","1,06,64,585",29,Entertainment,2016
706,Saturday Night Live,"1,30,00,000","13,58,12,31,885","7,996",Entertainment,2013
707,EnriqueIglesiasVEVO,"1,30,00,000","14,77,37,05,750",137,Music,2009
708,Поззи,"1,30,00,000","6,24,42,75,339","3,000",People & Blogs,2012
709,The MriDul,"1,30,00,000","3,54,57,74,062",96,Comedy,2015
710,Conor Maynard,"1,30,00,000","2,58,14,52,824",282,Music,2006
711,DALLMYD,"1,30,00,000","1,73,83,11,790",616,Sports,2011
712,ГЛЕНТ,"1,30,00,000","92,62,79,238",221,People & Blogs,2019
713,Coke Studio,"1,29,00,000","3,27,42,34,309",529,Music,2014
714,BeyoncéVEVO,"1,29,00,000","13,13,05,70,880",167,Music,2009
715,O Reino Infantil,"1,29,00,000","9,53,94,35,945","1,055",Music,2014
716,twenty one pilots,"1,29,00,000","4,62,12,24,472",173,Music,2009
717,Gulshan Kalra,"1,29,00,000","6,13,05,00,064",339,Howto & Style,2018
718,How Ridiculous,"1,29,00,000","5,54,36,70,656",390,Sports,2009
719,Matt Steffanina,"1,29,00,000","2,97,05,75,636",486,Entertainment,2011
720,The Shiny Peanut,"1,29,00,000","2,83,97,59,455","2,331",Education,2016
721,NishaMadhulika,"1,29,00,000","2,63,98,85,987","1,931",Howto & Style,2009
722,ATHLEAN-X™,"1,29,00,000","2,16,27,86,560","1,296",Howto & Style,2006
723,O Que Não Dizer Oficial,"1,29,00,000","1,63,68,14,649",511,Comedy,2015
724,Alex Gonzaga Official,"1,29,00,000","1,30,05,28,162",238,People & Blogs,2017
725,Everson Zoio,"1,29,00,000","99,03,62,305",587,Comedy,2009
726,Infobells Bangla,"1,28,00,000","6,16,59,83,944",284,Education,2016
727,SMOL,"1,28,00,000","13,06,70,20,729","1,960",People & Blogs,2021
728,RedeTV,"1,28,00,000","8,36,67,17,082","36,800",Entertainment,2011
729,Crazy Frog,"1,28,00,000","6,88,75,08,307",33,Music,2009
730,MrSuicideSheep,"1,28,00,000","6,72,29,61,376","3,212",Entertainment,2010
731,T-Series Hamaar Bhojpuri,"1,28,00,000","6,33,49,67,135","9,347",Entertainment,2011
732,Ray William Johnson,"1,28,00,000","6,68,20,31,898","1,354",Entertainment,2008
733,Zee Telugu,"1,28,00,000","6,22,41,95,587","86,735",Entertainment,2008
734,Katakit Baby TV,"1,28,00,000","5,24,31,85,280",169,Music,2010
735,Typical Gamer,"1,28,00,000","3,94,88,52,379","3,931",Gaming,2008
736,BBC News,"1,28,00,000","3,84,11,46,030","16,397",News & Politics,2006
737,PowerfulJRE,"1,28,00,000","2,26,66,40,311",765,People & Blogs,2013
738,CookingShooking Hindi,"1,28,00,000","1,60,99,03,713",393,People & Blogs,2017
739,Hacksmith,"1,28,00,000","1,34,38,14,218",745,Science & Technology,2006
740,Dear Sir,"1,28,00,000","91,85,48,566",482,Education,2016
741,Tsuriki Show,"1,27,00,000","19,47,20,63,469","1,617",Entertainment,2019
742,NickiMinajAtVEVO,"1,27,00,000","8,36,70,47,990",93,Music,2010
743,Like Nastya Stories,"1,27,00,000","6,05,57,81,883",389,Entertainment,2019
744,Top Viral Talent,"1,27,00,000","6,50,33,69,315","2,282",Entertainment,2014
745,Jazzghost,"1,27,00,000","4,63,91,45,138","5,111",Gaming,2012
746,Ei Nerd,"1,27,00,000","3,20,75,38,507","5,219",Entertainment,2013
747,#Refúgio Mental,"1,27,00,000","2,58,20,93,496",758,Entertainment,2013
748,أترو/Atro,"1,27,00,000","2,13,84,16,538","1,544",Gaming,2017
749,Ami Rodriguez,"1,26,00,000","1,98,66,03,595",358,Entertainment,2009
750,That Little Puff,"1,26,00,000","10,76,83,65,983",542,Pets & Animals,2020
751,Hungria Hip Hop,"1,26,00,000","3,96,06,01,978",44,Music,2013
752,BBC,"1,26,00,000","8,83,07,04,358","12,973",Pets & Animals,2005
753,Lady Diana,"1,26,00,000","7,26,58,03,610","1,273",Entertainment,2016
754,T-Series Regional,"1,26,00,000","5,16,92,03,026","15,573",Entertainment,2011
755,Blossom,"1,26,00,000","4,27,03,06,760",533,Howto & Style,2017
756,Crescendo com Luluca,"1,26,00,000","4,24,16,51,530","1,107",Entertainment,2015
757,7 Minutoz,"1,26,00,000","3,91,69,31,694",511,Music,2012
758,TKOR,"1,26,00,000","3,33,77,53,407","1,430",Education,2010
759,BIBO와 장난감,"1,26,00,000","2,87,52,52,577",152,Entertainment,2016
760,Veritasium,"1,26,00,000","1,79,53,58,843",336,Education,2010
761,Goldmines Premiere,"1,26,00,000","1,62,95,50,071",530,Entertainment,2013
762,SAAIHALILINTAR,"1,26,00,000","1,10,43,29,570",405,Entertainment,2012
763,Health Time,"1,26,00,000","97,88,76,224","1,604",Howto & Style,2016
764,Ja Mill,"1,25,00,000","1,30,28,18,088",567,People & Blogs,2016
765,JesseAndMike,"1,25,00,000","9,10,28,60,878",630,Entertainment,2007
766,Disney Junior,"1,25,00,000","11,45,13,99,743","3,261",Entertainment,2008
767,VexTrex,"1,25,00,000","7,19,86,67,373","3,133",Entertainment,2014
768,Zee Bangla,"1,25,00,000","5,28,30,86,890","76,545",Entertainment,2008
769,Awakening Music,"1,25,00,000","4,94,41,09,812",709,Music,2006
770,Lokdhun Punjabi,"1,25,00,000","4,37,27,57,487","1,399",Music,2010
771,Parafernalha,"1,25,00,000","4,54,78,22,776","1,498",Entertainment,2011
772,Rebecca Zamolo,"1,25,00,000","4,74,75,33,461",856,Comedy,2011
773,Juliana Baltar,"1,25,00,000","3,21,11,08,711","1,431",Entertainment,2010
774,StudyIQ IAS,"1,25,00,000","2,94,03,12,253","34,843",Education,2015
775,gymvirtual,"1,25,00,000","2,35,28,44,574","1,414",Sports,2010
776,Knowledge Tv हिन्दी,"1,25,00,000","1,44,66,64,137","1,041",People & Blogs,2014
777,キッズライン♡Kids Line,"1,24,00,000","10,74,36,01,694","5,581",People & Blogs,2011
778,KOMPASTV,"1,24,00,000","9,02,54,60,804","2,25,232",News & Politics,2013
779,Meghan Trainor,"1,24,00,000","7,31,29,91,342",89,People & Blogs,2008
780,Ajay Sharma,"1,24,00,000","9,18,13,98,526",607,Entertainment,2012
781,Wolfoo Channel,"1,24,00,000","5,85,91,64,410","1,032",,2019
782,elliegoulding,"1,24,00,000","6,55,68,22,629",104,Music,2007
783,Sony Music South,"1,24,00,000","7,03,60,27,389","1,574",Music,2014
784,karameeshchannel,"1,24,00,000","8,19,98,48,915","2,122",Entertainment,2012
785,Melon City Show - برنامج ولاية بطيخ,"1,24,00,000","5,47,77,60,778","1,592",Comedy,2016
786,DJ Khaled,"1,24,00,000","6,05,41,12,231",39,Music,2018
787,Adexe & Nau,"1,24,00,000","4,44,02,71,314",529,Music,2013
788,SR Toys Collection,"1,24,00,000","4,00,76,64,795",984,Entertainment,2012
789,CaseyNeistat,"1,24,00,000","3,04,43,39,760","1,068",People & Blogs,2010
790,Talking Angela,"1,24,00,000","3,28,48,97,861",204,Entertainment,2014
791,Jordan Matter,"1,24,00,000","3,36,81,83,197",355,Entertainment,2006
792,Kabita's Kitchen,"1,24,00,000","2,33,83,62,639","1,234",Howto & Style,2014
793,LOUD,"1,24,00,000","2,30,55,94,041","1,126",Gaming,2019
794,Brawl Stars,"1,24,00,000","1,79,62,20,780",130,Gaming,2017
795,Piuzinho,"1,24,00,000","1,02,29,59,848",463,Gaming,2015
796,People Vs Food,"1,24,00,000","95,96,16,512",384,Entertainment,2013
797,DisneyChannelUK,"1,23,00,000","11,60,62,88,094","3,238",Music,2007
798,Little Baby Bum en Español,"1,23,00,000","6,70,65,48,354","1,182",Education,2014
799,JOJO TV - Hindi Stories,"1,23,00,000","4,67,91,18,911",925,Education,2016
800,Troom Troom PT,"1,23,00,000","4,21,95,67,300","2,430",Howto & Style,2015
801,Peppa Pig em Português Brasil - Canal Oficial,"1,23,00,000","3,80,78,10,342","1,066",Film & Animation,2014
802,Gibby :),"1,23,00,000","2,76,12,91,454",203,People & Blogs,2014
803,Blockbuster Movies,"1,23,00,000","2,28,66,59,867",344,Entertainment,2016
804,Wolfoo Family,"1,22,00,000","5,77,08,90,911","1,101",,2019
805,Come Play With Me,"1,22,00,000","14,39,01,56,987",367,Entertainment,2014
806,The Dodo,"1,22,00,000","7,90,84,28,418","6,993",Pets & Animals,2014
807,Just For Laughs Gags,"1,22,00,000","7,85,66,44,944","6,411",Comedy,2007
808,Think Music India,"1,22,00,000","8,95,92,85,840","3,931",Music,2009
809,ماشا و الدب,"1,22,00,000","6,20,13,17,137",751,Shows,2017
810,Troom Troom India,"1,22,00,000","6,30,83,97,105","2,070",Howto & Style,2015
811,HZHtube Kids Fun,"1,22,00,000","3,95,65,52,948",674,Entertainment,2015
812,Its JoJo Siwa,"1,22,00,000","3,81,78,13,233",707,Entertainment,2015
813,My Mate Nate,"1,22,00,000","2,74,86,16,115",981,Comedy,2014
814,Bela Bagunça,"1,22,00,000","2,77,09,79,129",921,People & Blogs,2015
815,Mythpat,"1,22,00,000","2,59,05,50,091",322,Entertainment,2018
816,GMA News,"1,21,00,000","10,47,16,77,314","3,29,711",News & Politics,2007
817,Future,"1,21,00,000","8,74,79,74,258",48,Music,2011
818,Codiscos,"1,21,00,000","9,82,33,85,812","6,967",Music,2007
819,Jass Records,"1,21,00,000","5,29,40,95,545","4,241",Music,2014
820,DeGoBooM,"1,21,00,000","4,73,23,55,492","3,062",Gaming,2014
821,FIFA,"1,21,00,000","3,90,45,15,416","9,589",Sports,2006
822,Más SKabeche,"1,21,00,000","2,74,60,45,885",632,Travel & Events,2015
823,Davie504,"1,21,00,000","2,32,92,41,574",793,Entertainment,2011
824,Trakin Tech,"1,21,00,000","1,80,99,01,493","3,285",Science & Technology,2011
825,ChrisBrownVEVO,"1,20,00,000","12,49,34,03,632",290,Music,2009
826,Migos ATL,"1,20,00,000","6,37,09,82,440",100,Music,2012
827,Lana Del Rey,"1,20,00,000","5,67,60,01,571",40,Music,2011
828,DaniRep | +6 Vídeos Diarios De GTA 5 Online!,"1,20,00,000","6,44,75,19,975","10,858",Gaming,2012
829,Компот,"1,20,00,000","5,85,08,56,870","1,863",Gaming,2013
830,Geo News,"1,20,00,000","5,35,81,31,096","1,53,929",News & Politics,2007
831,NDTV,"1,20,00,000","4,51,02,36,068","1,26,906",Entertainment,2006
832,NORMAN FAIT DES VIDÉOS,"1,20,00,000","2,68,17,55,121",205,Comedy,2011
833,RaptorGamer,"1,20,00,000","2,52,28,09,876","1,207",People & Blogs,2016
834,Panda,"1,20,00,000","2,00,45,84,036","1,408",,2018
835,Narendra Modi,"1,20,00,000","2,26,53,82,511","17,104",News & Politics,2007
836,Kylie Jenner,"1,20,00,000","75,33,41,022",148,People & Blogs,2015
837,Troom Troom Indonesia,"1,19,00,000","5,01,28,30,809","1,568",People & Blogs,2019
838,Avril Lavigne,"1,19,00,000","5,63,62,75,144",140,Music,2005
839,The Infographics Show,"1,19,00,000","4,34,91,05,305","3,445",Education,2011
840,KaKa Kids TV - Nursery Rhymes Kids Animated Songs,"1,19,00,000","4,11,54,01,899",310,,2013
841,Azhan5star,"1,19,00,000","6,37,11,01,819",365,Entertainment,2021
842,CHHOTU KI MASTI,"1,19,00,000","4,06,40,45,560",106,Comedy,2018
843,Yudist Ardhana,"1,19,00,000","3,92,56,24,169","2,126",Entertainment,2016
844,Vogue,"1,19,00,000","3,53,30,48,715","2,756",Entertainment,2008
845,Sonotek Bhakti,"1,19,00,000","3,66,15,72,976","7,428",Entertainment,2010
846,BanderitaX,"1,19,00,000","3,34,75,02,658","1,474",Gaming,2013
847,Lulu99,"1,19,00,000","2,14,01,51,369",496,Entertainment,2015
848,Planet Earth INDIA,"1,19,00,000","1,72,27,95,279",630,People & Blogs,2011
849,colinfurze,"1,19,00,000","1,47,20,27,354",350,Entertainment,2006
850,Ice Cream Rolls,"1,19,00,000","1,46,90,47,858","1,528",Entertainment,2011
851,Yair17,"1,19,00,000","1,24,83,84,511",962,Gaming,2014
852,CalvinHarrisVEVO,"1,18,00,000","13,61,50,89,843",173,Music,2009
853,Rauw Alejandro,"1,18,00,000","9,23,29,20,975",114,Music,2014
854,Jamuna TV,"1,18,00,000","9,14,40,58,244","84,071",News & Politics,2017
855,MBC مصر,"1,18,00,000","7,78,48,93,932","40,608",Entertainment,2012
856,CNCO,"1,18,00,000","6,88,18,36,992",172,Music,2015
857,Kids TV India Hindi Nursery Rhymes,"1,18,00,000","5,47,33,28,070","1,185",Shows,2014
858,DANIEL EL TRAVIESO VIDEOS,"1,18,00,000","4,75,51,90,859",324,Comedy,2014
859,Kluna Tik,"1,18,00,000","4,20,82,25,754",275,Entertainment,2014
860,MrGear,"1,18,00,000","3,24,15,37,148",766,Science & Technology,2015
861,E-MasterSensei,"1,18,00,000","3,23,55,32,845","1,151",Gaming,2016
862,Timba Vk,"1,18,00,000","2,53,82,54,830",890,Gaming,2012
863,MORGENSHTERN,"1,18,00,000","2,08,57,51,416",131,Music,2013
864,WiederDude,"1,18,00,000","2,19,03,06,341",259,,2016
865,TommyInnit,"1,18,00,000","1,59,02,38,217",289,Gaming,2015
866,Tfue,"1,18,00,000","1,46,15,46,183",741,Gaming,2014
867,Bispo Bruno Leonardo,"1,18,00,000","1,88,21,50,122","3,439",Nonprofits & Activism,2016
868,TsMadaan,"1,18,00,000","1,32,90,92,064","1,687",Howto & Style,2008
869,EU FICO LOKO,"1,18,00,000","1,19,01,35,430","1,605",Comedy,2010
870,Technology Gyan,"1,18,00,000","92,09,96,435",924,Science & Technology,2015
871,Machinima,"1,17,00,000",0,0,Film & Animation,2006
872,Wave Music Bhakti,"1,17,00,000","4,77,02,80,667","19,108",Music,2011
873,FFUNTV,"1,17,00,000","9,32,56,85,889",364,Gaming,2018
874,Natti Natasha,"1,17,00,000","7,26,43,01,648",130,Music,2015
875,Netflix Jr.,"1,17,00,000","7,31,46,74,893","1,563",Education,2012
876,Nat and Essie,"1,17,00,000","6,89,09,42,780",959,Film & Animation,2015
877,Mor Haryanvi,"1,17,00,000","5,76,86,86,721",402,Music,2015
878,Luan Santana,"1,17,00,000","4,90,81,16,204",371,Music,2009
879,Koo Koo TV - Hindi,"1,17,00,000","4,26,57,61,191",927,Education,2017
880,123 GO!,"1,17,00,000","4,35,66,36,895",377,People & Blogs,2019
881,Naz | ناز,"1,17,00,000","2,00,28,97,892",917,People & Blogs,2016
882,Rubius Z,"1,17,00,000","1,82,82,00,652",429,Comedy,2006
883,emma chamberlain,"1,17,00,000","1,53,18,33,342",283,Entertainment,2016
884,Dani Russo Tv,"1,17,00,000","60,20,60,711",280,Comedy,2014
885,FrontaL Gaming,"1,17,00,000","25,50,73,454",108,Gaming,2015
886,eltrece,"1,16,00,000","11,10,60,97,841","1,49,786",Entertainment,2014
887,Alan Chikin Chow,"1,16,00,000","11,87,62,97,990",508,Comedy,2020
888,Луномосик,"1,16,00,000","5,05,27,85,110",460,People & Blogs,2015
889,Akon,"1,16,00,000","5,28,99,51,047",37,Music,2005
890,Halsey,"1,16,00,000","4,41,20,88,740",51,Music,2014
891,Republic Bharat,"1,16,00,000","5,04,15,39,626","49,789",News & Politics,2019
892,SBT,"1,16,00,000","3,37,50,80,065","25,710",Comedy,2008
893,办公室小野 Ms Yeah,"1,16,00,000","3,33,90,92,378",351,People & Blogs,2017
894,Morgz,"1,16,00,000","2,72,37,81,007",735,Gaming,2014
895,First We Feast,"1,16,00,000","2,48,58,14,338",819,Howto & Style,2014
896,P!NK,"1,15,00,000","7,21,19,13,487",13,Music,2006
897,YoungBoy Never Broke Again,"1,15,00,000","11,01,58,42,469",475,Entertainment,2015
898,TV9 Bharatvarsh,"1,15,00,000","7,31,46,74,032","1,93,940",People & Blogs,2018
899,Wassabi,"1,15,00,000","4,59,22,38,139","1,119",Entertainment,2006
900,Luli Pampín,"1,15,00,000","6,10,26,48,062",225,Music,2012
901,Duo Tiempo De Sol,"1,15,00,000","5,73,36,16,887",278,Music,2013
902,Wild 'N Out,"1,15,00,000","4,41,85,89,089","1,267",Entertainment,2006
903,LipaoGamer,"1,15,00,000","3,83,72,27,706","10,901",Gaming,2011
904,Make Joke Of,"1,15,00,000","1,83,26,20,830",42,Comedy,2017
905,Garena Free Fire LATAM,"1,15,00,000","1,58,76,61,793","1,425",People & Blogs,2018
906,Hero Movies 2022,"1,15,00,000","1,41,86,15,214",329,People & Blogs,2017
907,YtCrash,"1,14,00,000","38,25,084",1,Education,2015
908,infobells - Kannada,"1,14,00,000","5,20,95,12,047",353,Education,2014
909,Black Eyed Peas,"1,14,00,000","9,49,26,96,997",39,Music,2007
910,Annoying Orange,"1,14,00,000","7,89,37,69,128","1,861",Shows,2010
911,웃웃TwinsFromRussia,"1,14,00,000","7,80,24,86,828","3,589",People & Blogs,2011
912,Biper y sus Amigos,"1,14,00,000","4,99,16,97,738",119,Music,2012
913,Vy Qwaint,"1,14,00,000","5,40,95,44,753",528,Howto & Style,2014
914,Маша та Ведмідь,"1,14,00,000","4,94,23,06,057",994,Shows,2014
915,MC Divertida,"1,14,00,000","4,44,09,11,293",347,Entertainment,2018
916,BBC Earth,"1,14,00,000","4,06,91,24,046","2,248",Pets & Animals,2009
917,CrazyRussianHacker,"1,14,00,000","3,01,16,07,663","1,970",Science & Technology,2012
918,ExpCaseros,"1,14,00,000","2,51,55,01,575","1,023",Howto & Style,2012
919,الجانب المُشرق | Bright Side Arabic,"1,14,00,000","1,60,51,01,022","5,063",Howto & Style,2018
920,MyLifeAsEva,"1,14,00,000","1,53,42,78,655",326,Comedy,2011
921,GoldminesAction,"1,14,00,000","1,06,93,20,125",529,Film & Animation,2015
922,Free Fire India Official,"1,13,00,000","1,38,96,60,530","1,117",People & Blogs,2018
923,Colors Rishtey,"1,13,00,000","8,95,47,81,989","13,423",Entertainment,2013
924,Yoeslan,"1,13,00,000","8,78,91,09,127",240,Entertainment,2020
925,POCOYÓ en ESPAÑOL - Canal Oficial,"1,13,00,000","8,38,88,40,225","1,538",Film & Animation,2007
926,Lil Wayne,"1,13,00,000","5,33,57,86,775",254,Music,2013
927,elcarteldesantatv,"1,13,00,000","6,26,13,74,873",313,Music,2008
928,Star Casablanca | نجوم الدار البيضاء,"1,13,00,000","5,12,90,31,730",998,Music,2015
929,UnspeakableGaming,"1,13,00,000","4,82,62,78,522","2,444",Gaming,2012
930,Maymo,"1,13,00,000","4,91,82,41,216",486,Pets & Animals,2006
931,Simone e Simaria,"1,13,00,000","4,47,45,48,691",224,Music,2012
932,Single Track Studio,"1,13,00,000","4,46,25,80,470","1,719",Entertainment,2010
933,CaptainSparklez,"1,13,00,000","3,92,42,74,232","5,501",Gaming,2010
934,Tiana,"1,13,00,000","3,17,64,86,598",997,Entertainment,2015
935,Quantum Tech HD,"1,13,00,000","3,59,41,22,308",392,Science & Technology,2015
936,Ya - Alisa,"1,13,00,000","2,12,70,59,635",332,People & Blogs,2015
937,Jaiden Animations,"1,13,00,000","2,11,66,31,957",101,Film & Animation,2014
938,Ben Azelart,"1,13,00,000","2,29,40,03,189",236,Film & Animation,2014
939,Yoga With Adriene,"1,13,00,000","1,18,85,47,722",649,Howto & Style,2012
940,The Viral Fever,"1,12,00,000","1,65,63,01,737",433,Entertainment,2011
941,Lofi Girl,"1,12,00,000","1,31,17,26,533",328,Music,2015
942,Marta and Rustam,"1,12,00,000","12,48,16,68,186",390,Comedy,2021
943,ChainsmokersVEVO,"1,12,00,000","11,41,58,09,929",231,Music,2012
944,"せんももあいしーCh Sen, Momo, Ai & Shii","1,12,00,000","7,62,50,38,147","3,216",People & Blogs,2006
945,AlArabiya العربية,"1,12,00,000","5,89,26,43,162","1,29,135",People & Blogs,2006
946,DemiLovatoVEVO,"1,12,00,000","5,54,33,63,992",201,Music,2009
947,Cut,"1,12,00,000","4,84,67,00,433","1,738",Entertainment,2014
948,Toys Make Me Smile,"1,12,00,000","4,56,28,54,224",102,Entertainment,2015
949,Franco Escamilla,"1,12,00,000","3,34,45,78,049","2,053",Comedy,2007
950,Avocado Couple I Crazy Comics,"1,12,00,000","3,13,84,96,496",660,Film & Animation,2018
951,Fortnite,"1,12,00,000","2,12,32,31,155",792,Gaming,2014
952,luzugames,"1,12,00,000","1,97,81,38,747","2,882",Gaming,2013
953,Magic Five,"1,12,00,000","1,75,35,89,438",405,Entertainment,2016
954,El Rincón De Giorgio,"1,12,00,000","1,54,36,63,972",551,Entertainment,2013
955,Pastor Antônio Júnior,"1,12,00,000","1,64,62,48,092","3,624",People & Blogs,2013
956,CarryisLive,"1,12,00,000","1,37,19,95,657",893,Gaming,2017
957,MaJa Tv Moral Stories Fairy Tales,"1,11,00,000","4,13,22,13,251",449,Entertainment,2017
958,FunToys Collector Disney Toys Review,"1,11,00,000","15,05,04,47,314","2,910",Entertainment,2011
959,DisneyJuniorUK,"1,11,00,000","12,32,17,08,693","2,799",Entertainment,2010
960,Morphle TV,"1,11,00,000","7,58,65,26,902","1,126",Entertainment,2011
961,Влад и Никита,"1,11,00,000","6,76,17,39,774",396,,2018
962,Chotoonz TV - Funny Cartoons for Kids,"1,11,00,000","7,01,54,48,647","1,797",Film & Animation,2013
963,penguinz0,"1,11,00,000","5,76,87,85,195","3,952",Gaming,2007
964,ToysPlay,"1,11,00,000","7,00,03,33,135",397,Entertainment,2015
965,Pari's Lifestyle,"1,11,00,000","6,68,07,03,649",356,People & Blogs,2018
966,Comedy Central,"1,11,00,000","6,29,71,39,999","5,841",Comedy,2006
967,Diana and Roma IND,"1,11,00,000","4,80,27,76,148",446,,2019
968,Sky Does Everything,"1,11,00,000","3,82,38,68,578","2,101",Music,2011
969,BakLol Video,"1,11,00,000","3,25,08,51,179",257,Entertainment,2016
970,Genius,"1,11,00,000","2,89,10,52,624","2,797",Music,2011
971,Mo Vlogs,"1,11,00,000","2,93,30,99,311","1,906",People & Blogs,2013
972,The Film Theorists,"1,11,00,000","2,24,28,92,562",355,Film & Animation,2014
973,bharatzkitchen HINDI,"1,11,00,000","1,90,33,04,025",626,Howto & Style,2016
974,Mrwhosetheboss,"1,11,00,000","1,79,36,92,542","1,435",Science & Technology,2011
975,Acenix,"1,11,00,000","1,60,60,57,806",259,Gaming,2014
976,HellomaphieMX,"1,11,00,000","1,58,41,74,173",382,Howto & Style,2013
977,Virgínia Fonseca,"1,11,00,000","1,24,67,93,263","1,047",People & Blogs,2016
978,TV Shows,"1,10,00,000",0,0,,2012
979,Barbie,"1,10,00,000","3,70,39,38,514","2,411",Entertainment,2005
980,Inside Edition,"1,10,00,000","19,36,79,66,533","27,156",News & Politics,2012
981,Flowers Comedy,"1,10,00,000","9,52,16,53,019","8,840",Entertainment,2015
982,Flamingo,"1,10,00,000","8,87,49,80,800","2,196",Gaming,2017
983,Doja Cat,"1,10,00,000","5,45,98,91,400",25,Music,2018
984,Tyga,"1,10,00,000","5,21,10,71,220",160,Music,2009
985,Wolfoo's stories,"1,10,00,000","4,22,74,79,765",942,,2016
986,Emily Tube,"1,10,00,000","4,04,03,93,626",770,Entertainment,2014
987,ExplosmEntertainment,"1,10,00,000","3,68,56,64,468","1,048",Comedy,2009
988,Coisa de Nerd,"1,10,00,000","3,41,94,35,728","1,962",Gaming,2009
989,Taylor RS,"1,10,00,000","3,30,65,02,621","1,845",Gaming,2016
990,unknown boy varun,"1,10,00,000","3,26,32,85,883",193,Music,2016
991,Viih Tube,"1,10,00,000","88,64,97,694",505,People & Blogs,2013
992,OYUNCAKOYNUYORUM,"1,09,00,000","9,94,84,74,904",791,Entertainment,2016
993,Brancoala,"1,09,00,000","7,93,47,25,886","1,685",Entertainment,2008
994,핑크퐁 (인기 동요・동화),"1,09,00,000","6,66,34,50,148","2,726",Education,2014
995,OGGY,"1,09,00,000","5,58,91,04,660",920,Film & Animation,2014
996,JP Plays,"1,09,00,000","4,60,93,00,218","3,528",Gaming,2014
997,TrapMusicHDTV,"1,09,00,000","4,07,05,21,973",690,Music,2013
998,Games EduUu,"1,09,00,000","3,09,37,84,767","1,006",Gaming,2011
999,Hueva,"1,09,00,000","3,04,03,01,750",831,Gaming,2012
1000,Dobre Brothers,"1,09,00,000","2,80,84,11,693",590,People & Blogs,2017
